<?xml version="1.0" encoding="UTF-8"?>
<metadata xml:lang="zh"><Esri><CreaDate>20200430</CreaDate><CreaTime>11463800</CreaTime><ArcGISFormat>1.0</ArcGISFormat><SyncOnce>TRUE</SyncOnce><DataProperties><itemProps><itemLocation><linkage Sync="TRUE">file://\\GEEYOW\G$\C盘的内容\administrator\Desktop\ating\atihuaCopy</linkage><protocol Sync="TRUE">Local Area Network</protocol></itemLocation></itemProps><copyHistory><copy source="G:\C盘的内容\administrator\Desktop\ating\atihua" dest="\\GEEYOW\G$\C盘的内容\administrator\Desktop\ating\atihuaCopy" date="20200430" time="11463800"></copy></copyHistory></DataProperties></Esri></metadata>
